{"train/time_elapsed":19.470057010650635,"train/grad_norm":12.892832351964898,"train/total_loss":682.8943819999695,"_step":100000,"train/value_loss":1365.8068733215332,"_timestamp":1.756363813242124e+09,"step":100000,"_wandb":{"runtime":19},"train/steps_per_second":5136.0917918883015,"train/entropy_loss":-0.5902293813414872,"train/policy_loss":-0.0031516059752902947,"_runtime":19}