{"train/grad_norm":0.725190473604016,"train/time_elapsed":316.493577003479,"train/value_loss":0.0015600852703983037,"train/total_loss":-0.02213749477505189,"_wandb":{"runtime":316},"train/policy_loss":-0.016085644488157413,"train/steps_per_second":947.8865348243775,"step":300000,"_timestamp":1.756853034499367e+09,"_runtime":316,"_step":300000,"train/entropy_loss":-0.1366378570382949}