{"_runtime":535,"train/policy_loss":-0.0032286638112661117,"train/value_loss":0.0024319481204505187,"_timestamp":1.756858164333489e+09,"train/grad_norm":1.4040977224552382,"_wandb":{"runtime":535},"train/steps_per_second":925.648833499759,"step":491520,"_step":491520,"train/time_elapsed":531.0005071163177,"train/total_loss":-0.01810626284229026,"train/entropy_loss":-0.3218714559140305}