{
  "algorithm.lr": {
    "type": "numerical",
    "mean": 0.0005046244727492862,
    "std": 0.0002577829491995949,
    "min": 0.00011852604486622221,
    "max": 0.000827557613304815,
    "median": 0.0006467903667112945,
    "best_value": 0.0006506676052501415
  },
  "algorithm.clip_ratio": {
    "type": "numerical",
    "mean": 0.17698010695822647,
    "std": 0.06443152847391308,
    "min": 0.1116167224336399,
    "max": 0.2939819704323989,
    "median": 0.16084844859190756,
    "best_value": 0.12789877213040837
  },
  "algorithm.entropy_coef": {
    "type": "numerical",
    "mean": 0.007894736842105265,
    "std": 0.00787326514818136,
    "min": 0.0,
    "max": 0.02,
    "median": 0.01,
    "best_value": 0.02
  }
}