,algorithm.lr,algorithm.clip_ratio,algorithm.entropy_coef,value
algorithm.lr,1.0,-0.45072038256197017,0.6819294561473651,0.6643872834284853
algorithm.clip_ratio,-0.45072038256197017,1.0,-0.5270442472102888,-0.7256863938480228
algorithm.entropy_coef,0.6819294561473651,-0.5270442472102888,1.0,0.689372298431468
value,0.6643872834284853,-0.7256863938480228,0.689372298431468,1.0
