{"eval.eval_episode_count":10,"eval.return_max":317,"_runtime":20,"eval.return_mean":249.9,"_step":100000,"step":100000,"train.grad_norm":17.066118023416493,"eval.eval_step":100000,"train.value_loss":1759.8086862564087,"train.total_loss":879.8951830863953,"train.policy_loss":-0.003114653820375679,"_wandb":{"runtime":20},"eval.return_min":199,"_timestamp":1.757292677376826e+09,"eval.return_std":36.549829000967975,"train.entropy_loss":-0.604859602637589,"eval.length_mean":249.9}