{"train/policy_loss":-0.001831040957767982,"train/entropy_loss":-0.5939482348039746,"train/time_elapsed":5.3227949142456055,"_timestamp":1.756402622168281e+09,"train/grad_norm":16.488395858788863,"train/steps_per_second":4696.780620476569,"_runtime":5,"step":25000,"train/value_loss":2937.136354446411,"_wandb":{"runtime":5},"_step":25000,"train/total_loss":1468.560411453247}