{"_wandb":{"runtime":1031},"train/policy_loss":-0.012068922540493077,"_step":995328,"train/entropy_loss":-1.9203279400244355,"step":995328,"train/total_loss":-0.24250826569429287,"_runtime":1031,"train/steps_per_second":968.9570906035714,"train/grad_norm":0.5908336629314969,"train/value_loss":9.208350161664844e-09,"train/time_elapsed":1027.215765953064,"_timestamp":1.7568593174892921e+09}