{
  "action": "collect",
  "command": "scripts/train.py +experiment=dreamer_dmc_cartpole_swingup budget=dreamer_pixel_100ep experiment.name=dreamer_pixel_cartpole_100ep",
  "experiment_dir": "/home/omkar/adarsh/rl-lab/experiments/dreamer_pixel_cartpole_100ep-20260612_100205",
  "global_step": 20000,
  "hook_state": "completed",
  "host": "ASUS-TUF",
  "last_metrics": {
    "collect/duration": 1.1636040210723877,
    "collect/mean_step_reward": 0.7471185922622681,
    "controller/action_abs_max": 0.9999092221260071,
    "controller/action_abs_mean": 0.9932242631912231,
    "controller/action_mean": 0.9928680062294006,
    "controller/action_std": 0.05932166799902916,
    "controller/actor_grad_norm": 0.03537534549832344,
    "controller/actor_loss": -138.44265747070312,
    "controller/bootstrap_mean": 138.49183654785156,
    "controller/critic_grad_norm": 7.998673915863037,
    "controller/critic_loss": 0.4166072905063629,
    "controller/critic_target_mean": 138.69171142578125,
    "controller/critic_target_std": 0.5842972993850708,
    "controller/critic_value_mean": 138.70486450195312,
    "controller/critic_value_std": 0.5426904559135437,
    "controller/imagination_horizon": 15.0,
    "controller/imagined_continue_mean": 0.9999977946281433,
    "controller/imagined_reward_mean": 1.3646035194396973,
    "controller/imagined_reward_std": 0.17944437265396118,
    "controller/imagined_value_mean": 138.5423583984375,
    "controller/lambda_return_mean": 138.44265747070312,
    "controller/lambda_return_std": 0.6267774105072021,
    "eval/episodes": 5.0,
    "eval/eval_episode_batches": 5.0,
    "eval/eval_num_envs": 1.0,
    "eval/eval_total_episodes": 5.0,
    "eval/length_mean": 125.0,
    "eval/return_max": 75.18260955810547,
    "eval/return_mean": 74.27764739990235,
    "eval/return_min": 72.70114135742188,
    "eval/return_std": 0.8865455448484205,
    "train/world_model/continue_loss": 0.0007378442096523941,
    "train/world_model/continue_loss_scale": 1.0,
    "train/world_model/kl_loss": 0.0002463971031829715,
    "train/world_model/kl_scale": 1.0,
    "train/world_model/observation_loss": 0.0011105870362371206,
    "train/world_model/observation_loss_scale": 1.0,
    "train/world_model/reward_loss": 1.5100919008255005,
    "train/world_model/reward_loss_scale": 1.0,
    "train/world_model/total_loss": 1.5121866464614868
  },
  "phase": "collect_with_actor_5",
  "pid": 228005,
  "run_id": "dreamer_pixel_cartpole_100ep-20260612_100205",
  "schema_version": 1,
  "started_at": "2026-06-12T10:02:08.430655+00:00",
  "status": "completed",
  "updated_at": "2026-06-12T11:21:03.521402+00:00",
  "workflow_name": "DreamerV1Workflow"
}